"Pos","2025","Title","Director","Year","Country","Mins"
"1","1","In the Mood for Love","Wong Kar-wai","2000","Hong Kong","97"
"2","2","Mulholland Dr.","Lynch, David","2001","USA","147"
"3","3","Yi Yi","Yang, Edward","2000","Taiwan","173"
"4","4","Spirited Away","Miyazaki, Hayao","2001","Japan","124"
"5","5","There Will Be Blood","Anderson, Paul Thomas","2007","USA","158"
"6","6","Tropical Malady","Weerasethakul, Apichatpong","2004","Thailand","118"
"7","7","Portrait of a Lady on Fire","Sciamma, Céline","2019","France","121"
"8","8","Tree of Life, The","Malick, Terrence","2011","USA","139"
"9","9","Gleaners & I, The","Varda, Agnès","2000","France","82"
"10","10","Moonlight","Jenkins, Barry","2016","USA","111"
"11","11","Parasite","Bong Joon-ho","2019","South Korea","132"
"12","13","Eternal Sunshine of the Spotless Mind","Gondry, Michel","2004","USA","108"
"13","12","Caché","Haneke, Michael","2005","France","117"
"14","14","Uncle Boonmee Who Can Recall His Past Lives","Weerasethakul, Apichatpong","2010","Thailand","114"
"15","15","Ciénaga, La","Martel, Lucrecia","2001","Argentina","103"
"16","16","Goodbye, Dragon Inn","Tsai Ming-liang","2003","Taiwan","82"
"17","17","Separation, A","Farhadi, Asghar","2011","Iran","123"
"18","20","City of God","Meirelles, Fernando & Kátia Lund","2002","Brazil","129"
"19","21","Mad Max: Fury Road","Miller, George","2015","Australia","120"
"20","19","Werckmeister Harmonies","Tarr, Béla","2000","Hungary","145"
"21","18","Melancholia","von Trier, Lars","2011","Denmark","136"
"22","22","Get Out","Peele, Jordan","2017","USA","104"
"23","23","Tie Xi Qu: West of the Tracks","Wang Bing","2002","China","551"
"24","25","Turin Horse, The","Tarr, Béla","2011","Hungary","155"
"25","27","White Ribbon, The","Haneke, Michael","2009","Germany","144"
"26","24","Under the Skin","Glazer, Jonathan","2013","UK","108"
"27","26","Lost in Translation","Coppola, Sofia","2003","USA","102"
"28","31","Toni Erdmann","Ade, Maren","2016","Germany","162"
"29","28","Dogville","von Trier, Lars","2003","Denmark","177"
"30","30","Holy Motors","Carax, Leos","2012","France","115"
"31","29","Headless Woman, The","Martel, Lucrecia","2008","Argentina","87"
"32","42","No Country for Old Men","Coen, Joel & Ethan Coen","2007","USA","122"
"33","34","Phantom Thread","Anderson, Paul Thomas","2017","USA","130"
"34","32","Act of Killing, The","Oppenheimer, Joshua","2012","Denmark","115"
"35","39","A.I. Artificial Intelligence","Spielberg, Steven","2001","USA","145"
"36","35","Pan's Labyrinth","del Toro, Guillermo","2006","Spain","120"
"37","36","Syndromes and a Century","Weerasethakul, Apichatpong","2006","Thailand","105"
"38","33","Zama","Martel, Lucrecia","2017","Argentina","115"
"39","38","Boyhood","Linklater, Richard","2014","USA","165"
"40","37","Talk to Her","Almodóvar, Pedro","2002","Spain","112"
"41","43","Once Upon a Time in Anatolia","Ceylan, Nuri Bilge","2011","Turkey","157"
"42","40","Elephant","Van Sant, Gus","2003","USA","81"
"43","45","Songs from the Second Floor","Andersson, Roy","2000","Sweden","98"
"44","41","Death of Mr. Lazarescu, The","Puiu, Cristi","2005","Romania","153"
"45","53","Children of Men","Cuarón, Alfonso","2006","USA","109"
"46","46","Platform","Jia Zhangke","2000","China","154"
"47","44","In Vanda's Room","Costa, Pedro","2000","Portugal","170"
"48","54","Oldboy","Park Chan-wook","2003","South Korea","120"
"49","55","Punch-Drunk Love","Anderson, Paul Thomas","2002","USA","95"
"50","47","Inland Empire","Lynch, David","2006","USA","180"
"51","52","Lives of Others, The","von Donnersmarck, Florian Henckel","2006","Germany","138"
"52","50","Master, The","Anderson, Paul Thomas","2012","USA","138"
"53","48","Twin Peaks: The Return [TV]","Lynch, David","2017","USA","1024"
"54","58","Memories of Murder","Bong Joon-ho","2003","South Korea","132"
"55","59","Crouching Tiger, Hidden Dragon","Lee, Ang","2000","Taiwan","120"
"56","51","Brokeback Mountain","Lee, Ang","2005","USA","134"
"57","60","Zodiac","Fincher, David","2007","USA","158"
"58","49","WALL-E","Stanton, Andrew","2008","USA","98"
"59","61","Morvern Callar","Ramsay, Lynne","2002","UK","97"
"60","67","Amour","Haneke, Michael","2012","Austria","127"
"61","57","Russian Ark","Sokurov, Aleksandr","2002","Russia","99"
"62","56","Nostalgia for the Light","Guzmán, Patricio","2010","France","90"
"63","66","Amélie","Jeunet, Jean-Pierre","2001","France","122"
"64","63","Lord of the Rings: The Fellowship of the Ring, The","Jackson, Peter","2001","New Zealand","178"
"65","62","As I Was Moving Ahead Occasionally I Saw Brief Glimpses of Beauty","Mekas, Jonas","2000","USA","288"
"66","69","Social Network, The","Fincher, David","2010","USA","120"
"67","78","Y tu mamá también","Cuarón, Alfonso","2001","Mexico","105"
"68","71","Prophet, A","Audiard, Jacques","2009","France","155"
"69","77","Piano Teacher, The","Haneke, Michael","2001","Austria","130"
"70","64","Colossal Youth","Costa, Pedro","2006","France","155"
"71","68","Royal Tenenbaums, The","Anderson, Wes","2001","USA","109"
"72","65","Synecdoche, New York","Kaufman, Charlie","2008","USA","124"
"73","70","Roma","Cuarón, Alfonso","2018","Mexico","135"
"74","72","Carol","Haynes, Todd","2015","UK","118"
"75","74","Silent Light","Reygadas, Carlos","2007","Mexico","136"
"76","76","Dark Knight, The","Nolan, Christopher","2008","USA","152"
"77","73","Before Sunset","Linklater, Richard","2004","USA","80"
"78","89","Once Upon a Time... in Hollywood","Tarantino, Quentin","2019","USA","161"
"79","75","4 Months, 3 Weeks and 2 Days","Mungiu, Cristian","2007","Romania","113"
"80","79","Dancer in the Dark","von Trier, Lars","2000","Denmark","140"
"81","82","Millennium Mambo","Hou Hsiao-hsien","2001","Taiwan","119"
"82","86","Memento","Nolan, Christopher","2000","USA","113"
"83","80","Great Beauty, The","Sorrentino, Paolo","2013","Italy","141"
"84","87","35 Shots of Rum","Denis, Claire","2008","France","101"
"85","83","Hunger","McQueen, Steve","2008","UK","96"
"86","81","Intruder, The","Denis, Claire","2004","France","130"
"87","84","Moulin Rouge!","Luhrmann, Baz","2001","Australia","127"
"88","85","Distant","Ceylan, Nuri Bilge","2002","Turkey","110"
"89","88","Fish Tank","Arnold, Andrea","2009","UK","123"
"90","90","New World, The","Malick, Terrence","2005","USA","135"
"91","95","Inglourious Basterds","Tarantino, Quentin","2009","USA","153"
"92","97","Let the Right One In","Alfredson, Tomas","2008","Sweden","114"
"93","91","Petite Maman","Sciamma, Céline","2021","France","73"
"94","92","Grizzly Man","Herzog, Werner","2005","USA","103"
"95","96","Sideways","Payne, Alexander","2004","USA","123"
"96","93","Requiem for a Dream","Aronofsky, Darren","2000","USA","100"
"97","94","Still Life","Jia Zhangke","2006","China","113"
"98","102","Blue is the Warmest Colour","Kechiche, Abdellatif","2013","France","179"
"99","98","Margaret","Lonergan, Kenneth","2011","USA","150"
"100","112","First Cow","Reichardt, Kelly","2019","USA","122"
"101","103","Hurt Locker, The","Bigelow, Kathryn","2008","USA","130"
"102","100","History of Violence, A","Cronenberg, David","2005","USA","96"
"103","99","Blissfully Yours","Weerasethakul, Apichatpong","2002","Thailand","125"
"104","101","Amores perros","González Iñárritu, Alejandro","2000","Mexico","153"
"105","106","Code Unknown","Haneke, Michael","2000","France","118"
"106","105","Son, The","Dardenne, Jean-Pierre & Luc Dardenne","2002","Belgium","103"
"107","107","Trouble Every Day","Denis, Claire","2001","France","101"
"108","104","Tabu","Gomes, Miguel","2012","Portugal","118"
"109","109","Wendy and Lucy","Reichardt, Kelly","2008","USA","80"
"110","108","Persepolis","Paronnaud, Vincent & Marjane Satrapi","2007","France","96"
"111","","One Battle After Another","Anderson, Paul Thomas","2025","USA","161"
"112","110","Irréversible","Noé, Gaspar","2002","France","97"
"113","116","Grand Budapest Hotel, The","Anderson, Wes","2014","USA","100"
"114","114","Nomadland","Zhao, Chloé","2020","USA","107"
"115","111","Atlantics","Diop, Mati","2019","France","106"
"116","117","Lord of the Rings: The Return of the King, The","Jackson, Peter","2003","New Zealand","201"
"117","115","Mysteries of Lisbon","Ruiz, Raúl","2010","Portugal","272"
"118","113","Commune (Paris, 1871), La","Watkins, Peter","2000","France","345"
"119","118","Goodbye to Language","Godard, Jean-Luc","2014","Switzerland","70"
"120","119","Meek's Cutoff","Reichardt, Kelly","2010","USA","104"
"121","120","Lovers Rock","McQueen, Steve","2020","UK","70"
"122","122","Assassin, The","Hou Hsiao-hsien","2015","Taiwan","105"
"123","134","Lady Bird","Gerwig, Greta","2017","USA","94"
"124","142","Avatar","Cameron, James","2009","USA","161"
"125","123","Far from Heaven","Haynes, Todd","2002","USA","107"
"126","121","Certified Copy","Kiarostami, Abbas","2010","France","106"
"127","135","12 Years a Slave","McQueen, Steve","2013","USA","134"
"128","124","Leviathan","Castaing-Taylor, Lucien & Verena Paravel","2012","France","87"
"129","125","Cemetery of Splendour","Weerasethakul, Apichatpong","2015","Thailand","122"
"130","127","2046","Wong Kar-wai","2004","Hong Kong","129"
"131","128","Inside Llewyn Davis","Coen, Joel & Ethan Coen","2013","USA","104"
"132","137","Shaun of the Dead","Wright, Edgar","2004","UK","99"
"133","126","Spring, Summer, Autumn, Winter… and Spring","Kim Ki-duk","2003","South Korea","103"
"134","130","Pianist, The","Polanski, Roman","2002","France","148"
"135","132","Flor, La","Llinás, Mariano","2018","Argentina","808"
"136","131","No Home Movie","Akerman, Chantal","2015","Belgium","115"
"137","129","Head-On","Akin, Fatih","2004","Germany","121"
"138","136","Serious Man, A","Coen, Joel & Ethan Coen","2009","USA","105"
"139","153","Shoplifters","Koreeda, Hirokazu","2018","Japan","121"
"140","133","Stranger by the Lake","Guiraudie, Alain","2013","France","100"
"141","147","Arrival","Villeneuve, Denis","2016","USA","116"
"142","140","Host, The","Bong Joon-ho","2006","South Korea","119"
"143","139","Ida","Pawlikowski, Pawel","2013","Poland","80"
"144","138","Still Walking","Koreeda, Hirokazu","2008","Japan","115"
"145","141","Million Dollar Baby","Eastwood, Clint","2004","USA","137"
"146","151","Adaptation.","Jonze, Spike","2002","USA","114"
"147","145","Gravity","Cuarón, Alfonso","2013","USA","91"
"148","146","Kill Bill Vol. 1","Tarantino, Quentin","2003","USA","111"
"149","143","Return, The","Zvyagintsev, Andrey","2003","Russia","110"
"150","152","Inception","Nolan, Christopher","2010","USA","148"
"151","161","Volver","Almodóvar, Pedro","2006","Spain","121"
"152","149","This is Not a Film","Panahi, Jafar & Mojtaba Mirtahmasb","2011","Iran","75"
"153","144","Happy as Lazzaro","Rohrwacher, Alice","2018","Italy","128"
"154","154","American Honey","Arnold, Andrea","2016","UK","163"
"155","156","Miami Vice","Mann, Michael","2006","USA","133"
"156","170","Departed, The","Scorsese, Martin","2006","USA","152"
"157","148","World, The","Jia Zhangke","2004","China","140"
"158","150","Souvenir, The","Hogg, Joanna","2019","UK","120"
"159","160","Burning","Lee Chang-dong","2018","South Korea","148"
"160","174","Dogtooth","Lanthimos, Yorgos","2009","Greece","97"
"161","159","Call Me by Your Name","Guadagnino, Luca","2017","Italy","132"
"162","155","You Were Never Really Here","Ramsay, Lynne","2017","UK","89"
"163","162","Holy Girl, The","Martel, Lucrecia","2004","Argentina","106"
"164","157","Hard to Be a God","German, Aleksei","2013","Russia","177"
"165","171","Oasis","Lee Chang-dong","2002","South Korea","133"
"166","165","Donnie Darko","Kelly, Richard","2001","USA","112"
"167","211","Interstellar","Nolan, Christopher","2014","USA","169"
"168","163","You, the Living","Andersson, Roy","2007","Sweden","95"
"169","166","Son of Saul","Nemes, László","2015","Hungary","107"
"170","168","Toy Story 3","Unkrich, Lee","2010","USA","103"
"171","158","Power of the Dog, The","Campion, Jane","2021","New Zealand","126"
"172","210","Kung Fu Hustle","Chow, Stephen","2004","Hong Kong","98"
"173","164","Café Lumière","Hou Hsiao-hsien","2003","Japan","108"
"174","173","Atanarjuat: The Fast Runner","Kunuk, Zacharias","2001","Canada","172"
"175","178","Lord of the Rings: The Two Towers, The","Jackson, Peter","2002","New Zealand","179"
"176","169","Certain Women","Reichardt, Kelly","2016","USA","107"
"177","167","Circle, The","Panahi, Jafar","2000","Iran","90"
"178","205","Gladiator","Scott, Ridley","2000","USA","154"
"179","185","Marie Antoinette","Coppola, Sofia","2006","USA","123"
"180","175","Elephant Sitting Still, An","Hu Bo","2018","China","230"
"181","172","In Praise of Love","Godard, Jean-Luc","2001","France","97"
"182","186","Wolf of Wall Street, The","Scorsese, Martin","2013","USA","180"
"183","192","Divine Intervention","Suleiman, Elia","2002","France","92"
"184","176","Havre, Le","Kaurismäki, Aki","2011","Finland","93"
"185","179","Hero","Zhang Yimou","2002","China","99"
"186","180","Vitalina Varela","Costa, Pedro","2019","Portugal","124"
"187","182","Old Joy","Reichardt, Kelly","2006","USA","76"
"188","177","Arbor, The","Barnard, Clio","2010","UK","94"
"189","195","Incredibles, The","Bird, Brad","2004","USA","115"
"190","181","Whiplash","Chazelle, Damien","2014","USA","107"
"191","191","What Time is it There?","Tsai Ming-liang","2001","Taiwan","116"
"192","184","Monsoon Wedding","Nair, Mira","2001","India","114"
"193","183","Stories We Tell","Polley, Sarah","2012","Canada","108"
"194","226","Beaches of Agnès, The","Varda, Agnès","2008","France","110"
"195","189","Poetry","Lee Chang-dong","2010","South Korea","139"
"196","","Mastermind, The","Reichardt, Kelly","2025","USA","110"
"197","197","Waltz with Bashir","Folman, Ari","2008","Israel","90"
"198","207","Almost Famous","Crowe, Cameron","2000","USA","122"
"199","","Secret Agent, The","Mendonça Filho, Kleber","2025","Brazil","161"
"200","187","Girlhood","Sciamma, Céline","2014","France","113"
"201","209","Assassination of Jesse James by the Coward Robert Ford, The","Dominik, Andrew","2007","USA","160"
"202","188","I Am Not Your Negro","Peck, Raoul","2016","France","93"
"203","220","Drive My Car","Hamaguchi, Ryusuke","2021","Japan","179"
"204","190","It's Such a Beautiful Day","Hertzfeldt, Don","2012","USA","62"
"205","219","Drive","Winding Refn, Nicolas","2011","USA","100"
"206","193","Bamako","Sissako, Abderrahmane","2006","Mali","117"
"207","199","Up","Docter, Pete","2009","USA","96"
"208","206","25th Hour","Lee, Spike","2002","USA","134"
"209","201","Ten","Kiarostami, Abbas","2002","France","92"
"210","194","Fantastic Mr. Fox","Anderson, Wes","2009","USA","87"
"211","196","Enfant, L'","Dardenne, Jean-Pierre & Luc Dardenne","2005","Belgium","95"
"212","204","Cameraperson","Johnson, Kirsten","2016","USA","102"
"213","198","White Material","Denis, Claire","2009","France","100"
"214","200","Inside Out","Docter, Pete","2015","USA","94"
"215","202","Ghost World","Zwigoff, Terry","2001","USA","111"
"216","203","Evolution of a Filipino Family","Diaz, Lav","2004","Philippines","540"
"217","217","Borat: Cultural Learnings of America for Make Benefit Glorious Nation of Kazakhstan","Charles, Larry","2006","USA","84"
"218","208","Mystic River","Eastwood, Clint","2003","USA","137"
"219","215","Secret Sunshine","Lee Chang-dong","2007","South Korea","142"
"220","234","Titane","Ducournau, Julia","2021","France","108"
"221","264","Spider-Man: Into the Spider-Verse","Persichetti, Bob/Peter Ramsey/Rodney Rothman","2018","USA","117"
"222","213","Man Without a Past, The","Kaurismäki, Aki","2002","Finland","97"
"223","216","Enter the Void","Noé, Gaspar","2009","France","161"
"224","214","Clock, The","Marclay, Christian","2010","UK","1440"
"225","","Sinners","Coogler, Ryan","2025","USA","137"
"226","236","Weekend","Haigh, Andrew","2011","UK","97"
"227","222","Black Swan","Aronofsky, Darren","2010","USA","108"
"228","246","Everything Everywhere All at Once","Kwan, Dan & Daniel Scheinert","2022","USA","139"
"229","212","Two Lovers","Gray, James","2008","USA","110"
"230","240","Her","Jonze, Spike","2013","USA","126"
"231","218","Los Angeles Plays Itself","Andersen, Thom","2003","USA","169"
"232","225","Babadook, The","Kent, Jennifer","2014","Australia","93"
"233","259","Gone Girl","Fincher, David","2014","USA","149"
"234","221","Rider, The","Zhao, Chloé","2017","USA","104"
"235","224","Man on Wire","Marsh, James","2008","UK","94"
"236","238","Black Panther","Coogler, Ryan","2018","USA","134"
"237","223","Three Times","Hou Hsiao-hsien","2005","France","135"
"238","231","Mother","Bong Joon-ho","2009","South Korea","129"
"239","272","Aftersun","Wells, Charlotte","2022","UK","102"
"240","827","Afternoons of Solitude","Serra, Albert","2024","Spain","125"
"241","227","Shara","Kawase, Naomi","2003","Japan","100"
"242","277","American Psycho","Harron, Mary","2000","USA","101"
"243","260","Paddington 2","King, Paul","2017","UK","103"
"244","232","We Need to Talk About Kevin","Ramsay, Lynne","2011","UK","112"
"245","233","Stray Dogs","Tsai Ming-liang","2013","Taiwan","138"
"246","228","Faces Places","Varda, Agnès & JR","2017","France","89"
"247","229","In the City of Sylvia","Guerín, José Luis","2007","Spain","84"
"248","290","Moonrise Kingdom","Anderson, Wes","2012","USA","94"
"249","235","Cold War","Pawlikowski, Pawel","2018","Poland","88"
"250","239","Finding Nemo","Stanton, Andrew & Lee Unkrich","2003","USA","100"
"251","237","Timbuktu","Sissako, Abderrahmane","2014","Mauritania","97"
"252","241","Moolaadé","Sembene, Ousmane","2004","Senegal","120"
"253","242","Lust, Caution","Lee, Ang","2007","USA","158"
"254","255","Irishman, The","Scorsese, Martin","2019","USA","209"
"255","263","Handmaiden, The","Park Chan-wook","2016","South Korea","144"
"256","285","La La Land","Chazelle, Damien","2016","USA","128"
"257","245","Ratatouille","Bird, Brad","2007","USA","111"
"258","243","My Winnipeg","Maddin, Guy","2007","Canada","80"
"259","244","Winter's Bone","Granik, Debra","2010","USA","100"
"260","248","Ghost Story, A","Lowery, David","2017","USA","92"
"261","251","Pulse","Kurosawa, Kiyoshi","2001","Japan","119"
"262","249","Devil's Backbone, The","del Toro, Guillermo","2001","Spain","107"
"263","247","Film socialisme","Godard, Jean-Luc","2010","Switzerland","102"
"264","250","Leviathan","Zvyagintsev, Andrey","2014","Russia","140"
"265","258","Crimson Gold","Panahi, Jafar","2003","Iran","96"
"266","764","Misericordia","Guiraudie, Alain","2024","France","104"
"267","266","Inherent Vice","Anderson, Paul Thomas","2014","USA","148"
"268","252","Diving Bell and the Butterfly, The","Schnabel, Julian","2007","France","112"
"269","253","21 Grams","González Iñárritu, Alejandro","2003","Germany","125"
"270","257","Happy Hour","Hamaguchi, Ryusuke","2015","Japan","317"
"271","284","Zone of Interest, The","Glazer, Jonathan","2023","USA","105"
"272","254","Horse Money","Costa, Pedro","2014","Portugal","103"
"273","268","Hugo","Scorsese, Martin","2011","USA","126"
"274","274","Fat Girl","Breillat, Catherine","2001","France","86"
"275","269","Right Now, Wrong Then","Hong Sang-soo","2015","South Korea","121"
"276","279","Elle","Verhoeven, Paul","2016","France","130"
"277","265","Saraband","Bergman, Ingmar","2003","Sweden","107"
"278","262","Triplets of Belleville, The","Chomet, Sylvain","2003","France","80"
"279","275","Slumdog Millionaire","Boyle, Danny","2008","UK","120"
"280","","It Was Just an Accident","Panahi, Jafar","2025","Iran","103"
"281","","Sirât","Laxe, Oliver","2025","Spain","115"
"282","271","Long Day's Journey Into Night","Bi Gan","2018","China","138"
"283","337","Quattro Volte, Le","Frammartino, Michelangelo","2010","Italy","88"
"284","256","Christmas Tale, A","Desplechin, Arnaud","2008","France","152"
"285","286","Infernal Affairs","Lau, Andrew & Alan Mak","2002","Hong Kong","100"
"286","267","Squid and the Whale, The","Baumbach, Noah","2005","USA","80"
"287","270","Waiting for Happiness","Sissako, Abderrahmane","2002","France","90"
"288","283","Force Majeure","Östlund, Ruben","2014","Sweden","120"
"289","273","Manchester by the Sea","Lonergan, Kenneth","2016","USA","137"
"290","291","Time","Bradley, Garrett","2020","USA","81"
"291","311","O Brother, Where Art Thou?","Coen, Joel & Ethan Coen","2000","USA","107"
"292","282","Day He Arrives, The","Hong Sang-soo","2011","South Korea","79"
"293","230","Do Not Expect Too Much from the End of the World","Jude, Radu","2023","Romania","163"
"294","278","Waking Life","Linklater, Richard","2001","USA","100"
"295","281","Wayward Cloud, The","Tsai Ming-liang","2005","France","112"
"296","320","Bridesmaids","Feig, Paul","2011","USA","125"
"297","280","Gerry","Van Sant, Gus","2002","USA","102"
"298","322","Never Rarely Sometimes Always","Hittman, Eliza","2020","USA","101"
"299","294","In the Cut","Campion, Jane","2003","UK","119"
"300","331","Nobody Knows","Koreeda, Hirokazu","2004","Japan","141"
"301","334","Western","Grisebach, Valeska","2017","Germany","121"
"302","288","Winter Sleep","Ceylan, Nuri Bilge","2014","Turkey","196"
"303","345","Step Brothers","McKay, Adam","2008","USA","98"
"304","287","Dawson City: Frozen Time","Morrison, Bill","2016","USA","120"
"305","351","Tale of the Princess Kaguya, The","Takahata, Isao","2013","Japan","137"
"306","309","Wonders, The","Rohrwacher, Alice","2014","Italy","110"
"307","293","Kill Bill Vol. 2","Tarantino, Quentin","2004","USA","136"
"308","318","Sexy Beast","Glazer, Jonathan","2000","UK","88"
"309","295","Hours, The","Daldry, Stephen","2002","USA","114"
"310","292","Death Proof","Tarantino, Quentin","2007","USA","104"
"311","276","Chimera, La","Rohrwacher, Alice","2023","Italy","131"
"312","296","Saint Omer","Diop, Alice","2022","France","122"
"313","303","Paterson","Jarmusch, Jim","2016","USA","118"
"314","304","Us","Peele, Jordan","2019","USA","116"
"315","298","Howl's Moving Castle","Miyazaki, Hayao","2004","Japan","119"
"316","314","Zero Dark Thirty","Bigelow, Kathryn","2012","USA","157"
"317","297","Mysterious Object at Noon","Weerasethakul, Apichatpong","2000","Thailand","89"
"318","327","Clouds of Sils Maria","Assayas, Olivier","2014","France","124"
"319","434","Little Miss Sunshine","Dayton, Jonathan & Valerie Faris","2006","USA","102"
"320","343","Birth","Glazer, Jonathan","2004","Germany","100"
"321","302","Shape of Water, The","del Toro, Guillermo","2017","USA","123"
"322","306","First Reformed","Schrader, Paul","2017","USA","113"
"323","300","Image Book, The","Godard, Jean-Luc","2018","Switzerland","84"
"324","299","Oxhide II","Liu Jiayin","2009","China","132"
"325","301","Tomboy","Sciamma, Céline","2011","France","82"
"326","354","School of Rock","Linklater, Richard","2003","USA","108"
"327","357","Hunt, The","Vinterberg, Thomas","2012","Denmark","115"
"328","305","Killers of the Flower Moon","Scorsese, Martin","2023","USA","206"
"329","308","Memoria","Weerasethakul, Apichatpong","2021","Colombia","136"
"330","711","Caught by the Tides","Jia Zhangke","2024","China","111"
"331","317","Red Road","Arnold, Andrea","2006","UK","114"
"332","346","Paprika","Kon, Satoshi","2006","Japan","90"
"333","333","Speed Racer","Wachowski, Lana & Lilly Wachowski","2008","USA","135"
"334","319","Homeland (Iraq Year Zero)","Fahdel, Abbas","2015","Iraq","334"
"335","310","Star Spangled to Death","Jacobs, Ken","2004","USA","402"
"336","321","To Be and to Have","Philibert, Nicolas","2002","France","104"
"337","315","Pigeon Sat on a Branch Reflecting on Existence, A","Andersson, Roy","2014","Sweden","101"
"338","307","Birdman","González Iñárritu, Alejandro","2014","USA","119"
"339","330","28 Days Later...","Boyle, Danny","2002","UK","113"
"340","436","Anatomy of a Fall","Triet, Justine","2023","France","151"
"341","312","Kings & Queen","Desplechin, Arnaud","2004","France","150"
"342","326","Antichrist","von Trier, Lars","2009","Denmark","108"
"343","316","Capturing the Friedmans","Jarecki, Andrew","2003","USA","107"
"344","323","Extraordinary Stories","Llinás, Mariano","2008","Argentina","245"
"345","373","Raw","Ducournau, Julia","2016","France","99"
"346","328","Fantasma, O","Rodrigues, João Pedro","2000","Portugal","87"
"347","313","Lobster, The","Lanthimos, Yorgos","2015","Ireland","118"
"348","332","Serras da desordem","Tonacci, Andrea","2006","Brazil","135"
"349","348","Master and Commander: The Far Side of the World","Weir, Peter","2003","USA","138"
"350","336","Frances Ha","Baumbach, Noah","2012","USA","86"
"351","489","Michael Clayton","Gilroy, Tony","2007","USA","119"
"352","325","Battle in Heaven","Reygadas, Carlos","2005","Mexico","97"
"353","340","Pain and Glory","Almodóvar, Pedro","2019","Spain","113"
"354","329","Last Days","Van Sant, Gus","2005","USA","96"
"355","374","Unbreakable","Shyamalan, M. Night","2000","USA","106"
"356","335","Bowling for Columbine","Moore, Michael","2002","USA","120"
"357","339","Sorry to Bother You","Riley, Boots","2018","USA","111"
"358","347","Together","Moodysson, Lukas","2000","Sweden","106"
"359","344","Incendies","Villeneuve, Denis","2010","Canada","130"
"360","352","I'm Not There","Haynes, Todd","2007","USA","135"
"361","261","Anora","Baker, Sean","2024","USA","139"
"362","341","Fog of War, The","Morris, Errol","2003","USA","107"
"363","338","Tangerine","Baker, Sean","2015","USA","88"
"364","342","Brown Bunny, The","Gallo, Vincent","2003","USA","93"
"365","324","Fallen Leaves","Kaurismäki, Aki","2023","Finland","81"
"366","454","This is England","Meadows, Shane","2006","UK","103"
"367","350","Artist, The","Hazanavicius, Michel","2011","France","100"
"368","349","You Can Count on Me","Lonergan, Kenneth","2000","USA","110"
"369","468","Son's Room, The","Moretti, Nanni","2001","Italy","99"
"370","703","Worst Person in the World, The","Trier, Joachim","2021","Norway","127"
"371","360","Letters from Iwo Jima","Eastwood, Clint","2006","USA","140"
"372","408","Anchorman: The Legend of Ron Burgundy","McKay, Adam","2004","USA","94"
"373","355","Touch of Sin, A","Jia Zhangke","2013","China","133"
"374","358","Other Side of the Wind, The","Welles, Orson","2018","France","122"
"375","289","All We Imagine as Light","Kapadia, Payal","2024","France","118"
"376","353","Bad Education","Almodóvar, Pedro","2004","Spain","106"
"377","359","O.J.: Made in America [TV]","Edelman, Ezra","2016","USA","450"
"378","361","Best of Youth, The","Giordana, Marco Tullio","2003","Italy","373"
"379","","Shrouds, The","Cronenberg, David","2024","Canada","120"
"380","356","Summer Hours","Assayas, Olivier","2008","France","103"
"381","396","Look of Silence, The","Oppenheimer, Joshua","2014","Denmark","103"
"382","368","Neighbouring Sounds","Mendonça Filho, Kleber","2012","Brazil","131"
"383","380","13 Lakes","Benning, James","2004","USA","135"
"384","363","Phoenix","Petzold, Christian","2014","Germany","98"
"385","367","Bright Star","Campion, Jane","2009","UK","119"
"386","370","It Follows","Mitchell, David Robert","2014","USA","100"
"387","365","Five Obstructions, The","Leth, Jørgen & Lars von Trier","2003","Denmark","88"
"388","362","Time Out","Cantet, Laurent","2001","France","134"
"389","375","Battle Royale","Fukasaku, Kinji","2000","Japan","113"
"390","364","American Splendor","Pulcini, Robert & Shari Springer Berman","2003","USA","101"
"391","366","George Washington","Green, David Gordon","2000","USA","89"
"392","540","Uncut Gems","Safdie, Josh & Benny Safdie","2019","USA","135"
"393","377","Strange Case of Angelica, The","Oliveira, Manoel de","2010","Portugal","96"
"394","409","About Schmidt","Payne, Alexander","2002","USA","125"
"395","392","TÁR","Field, Todd","2022","USA","158"
"396","387","High Life","Denis, Claire","2018","UK","113"
"397","430","Django Unchained","Tarantino, Quentin","2012","USA","165"
"398","369","Match Point","Allen, Woody","2005","UK","124"
"399","385","Good Morning, Night","Bellocchio, Marco","2003","Italy","106"
"400","376","Kid with a Bike, The","Dardenne, Jean-Pierre & Luc Dardenne","2011","Belgium","87"
"401","381","Libertad, La","Alonso, Lisandro","2001","Argentina","73"
"402","411","Another Year","Leigh, Mike","2010","UK","130"
"403","447","Favourite, The","Lanthimos, Yorgos","2018","Ireland","119"
"404","412","Nope","Peele, Jordan","2022","USA","130"
"405","405","Southland Tales","Kelly, Richard","2006","USA","144"
"406","372","Kids Are All Right, The","Cholodenko, Lisa","2010","USA","106"
"407","379","Beat That My Heart Skipped, The","Audiard, Jacques","2005","France","107"
"408","410","Om Shanti Om","Khan, Farah","2007","India","169"
"409","382","Class, The","Cantet, Laurent","2008","France","128"
"410","388","Carlos","Assayas, Olivier","2010","France","334"
"411","400","Days","Tsai Ming-liang","2020","Taiwan","127"
"412","383","Regular Lovers","Garrel, Philippe","2005","France","183"
"413","402","Lilya 4-Ever","Moodysson, Lukas","2002","Sweden","109"
"414","386","Love is the Message, the Message is Death","Jafa, Arthur","2016","USA","8"
"415","390","Midsommar","Aster, Ari","2019","USA","148"
"416","384","Vai-E-Vem","Monteiro, João César","2003","Portugal","179"
"417","416","Gangs of Wasseypur","Kashyap, Anurag","2012","India","320"
"418","469","3-Iron","Kim Ki-duk","2004","South Korea","88"
"419","389","Sieranevada","Puiu, Cristi","2016","Romania","173"
"420","403","Whale Rider","Caro, Niki","2002","New Zealand","101"
"421","395","Idiocracy","Judge, Mike","2006","USA","84"
"422","391","Life Aquatic with Steve Zissou, The","Anderson, Wes","2004","USA","119"
"423","407","Love Actually","Curtis, Richard","2003","UK","135"
"424","399","District 9","Blomkamp, Neill","2009","South Africa","112"
"425","431","Dunkirk","Nolan, Christopher","2017","UK","106"
"426","397","Millennium Actress","Kon, Satoshi","2001","Japan","87"
"427","479","Eureka","Aoyama, Shinji","2000","Japan","217"
"428","429","Minority Report","Spielberg, Steven","2002","USA","144"
"429","378","Me and You and Everyone We Know","July, Miranda","2005","USA","91"
"430","394","Notre musique","Godard, Jean-Luc","2004","France","80"
"431","398","Police, Adjective","Porumboiu, Corneliu","2009","Romania","115"
"432","461","Attack the Block","Cornish, Joe","2011","UK","88"
"433","480","Beasts of the Southern Wild","Zeitlin, Benh","2012","USA","93"
"434","401","Exit Through the Gift Shop","Banksy","2010","UK","87"
"435","427","Spring Breakers","Korine, Harmony","2012","USA","94"
"436","420","United 93","Greengrass, Paul","2006","UK","110"
"437","422","Prestige, The","Nolan, Christopher","2006","USA","130"
"438","414","Personal Shopper","Assayas, Olivier","2016","France","105"
"439","404","Playing","Coutinho, Eduardo","2007","Brazil","100"
"440","406","Big Fish","Burton, Tim","2003","USA","125"
"441","415","Samson and Delilah","Thornton, Warwick","2009","Australia","101"
"442","423","Babel","González Iñárritu, Alejandro","2006","France","143"
"443","417","Femme Fatale","De Palma, Brian","2002","France","110"
"444","413","Only Lovers Left Alive","Jarmusch, Jim","2013","UK","123"
"445","493","Fruitvale Station","Coogler, Ryan","2013","USA","85"
"446","470","Faust","Sokurov, Aleksandr","2011","Russia","140"
"447","419","Oh! Man","Gianikian, Yervant & Angela Ricci Lucchi","2004","Italy","71"
"448","515","Village, The","Shyamalan, M. Night","2004","USA","108"
"449","494","Wrestler, The","Aronofsky, Darren","2008","USA","109"
"450","441","Duke of Burgundy, The","Strickland, Peter","2014","UK","104"
"451","432","Before Midnight","Linklater, Richard","2013","USA","109"
"452","556","Superbad","Mottola, Greg","2007","USA","113"
"453","424","Mysterious Skin","Araki, Gregg","2004","USA","105"
"454","426","Day I Became a Woman, The","Makhmalbaf, Marzieh","2000","Iran","74"
"455","492","Hereditary","Aster, Ari","2018","USA","127"
"456","452","Taste of Others, The","Jaoui, Agnès","2000","France","112"
"457","418","Close Your Eyes","Erice, Víctor","2023","Spain","169"
"458","579","In the Bedroom","Field, Todd","2001","USA","130"
"459","438","Unknown Pleasures","Jia Zhangke","2002","China","112"
"460","425","Gangs of New York","Scorsese, Martin","2002","USA","166"
"461","421","Showing Up","Reichardt, Kelly","2022","USA","107"
"462","428","Happy-Go-Lucky","Leigh, Mike","2008","UK","118"
"463","433","Climates","Ceylan, Nuri Bilge","2006","Turkey","102"
"464","439","House of Flying Daggers","Zhang Yimou","2004","China","111"
"465","465","Pariah","Rees, Dee","2011","USA","86"
"466","435","Captive, La","Akerman, Chantal","2000","France","118"
"467","371","Evil Does Not Exist","Hamaguchi, Ryusuke","2023","Japan","106"
"468","448","Gosford Park","Altman, Robert","2001","UK","137"
"469","437","Cargo 200","Balabanov, Aleksei","2007","Russia","89"
"470","442","45 Years","Haigh, Andrew","2015","UK","95"
"471","624","Computer Chess","Bujalski, Andrew","2013","USA","92"
"472","444","24 Hour Party People","Winterbottom, Michael","2002","UK","115"
"473","440","Erin Brockovich","Soderbergh, Steven","2000","USA","130"
"474","456","Our Beloved Month of August","Gomes, Miguel","2008","Portugal","147"
"475","443","Five Dedicated to Ozu","Kiarostami, Abbas","2003","Iran","74"
"476","498","Martyrs","Laugier, Pascal","2008","France","100"
"477","450","BPM (Beats Per Minute)","Campillo, Robin","2017","France","143"
"478","765","Like Father, Like Son","Koreeda, Hirokazu","2013","Japan","121"
"479","445","Sun, The","Sokurov, Aleksandr","2005","Russia","115"
"480","459","Gran Torino","Eastwood, Clint","2008","USA","116"
"481","455","May December","Haynes, Todd","2023","USA","117"
"482","481","If Beale Street Could Talk","Jenkins, Barry","2018","USA","119"
"483","449","Death of Louis XIV, The","Serra, Albert","2016","France","115"
"484","453","Station Agent, The","McCarthy, Tom","2003","USA","88"
"485","501","S21: The Khmer Rouge Killing Machine","Panh, Rithy","2003","Cambodia","101"
"486","457","Kill List","Wheatley, Ben","2011","UK","95"
"487","460","Traffic","Soderbergh, Steven","2000","USA","147"
"488","451","Blue Valentine","Cianfrance, Derek","2010","USA","112"
"489","475","I Don't Want to Sleep Alone","Tsai Ming-liang","2006","Taiwan","118"
"490","477","Li'l Quinquin [TV]","Dumont, Bruno","2014","France","206"
"491","488","Mean Girls","Waters, Mark","2004","USA","97"
"492","478","Banshees of Inisherin, The","McDonagh, Martin","2022","Ireland","114"
"493","496","Love & Basketball","Prince-Bythewood, Gina","2000","USA","124"
"494","458","Wild Grass","Resnais, Alain","2009","France","104"
"495","463","Decasia","Morrison, Bill","2002","USA","70"
"496","467","Wonder Boys","Hanson, Curtis","2000","USA","112"
"497","466","House of Mirth, The","Davies, Terence","2000","UK","140"
"498","486","Casino Royale","Campbell, Martin","2006","UK","144"
"499","462","Ex Machina","Garland, Alex","2014","UK","108"
"500","464","Autobiography of Nicolae Ceausescu, The","Ujica, Andrei","2010","Romania","180"
"501","471","Melancholia","Diaz, Lav","2008","Philippines","450"
"502","476","Paranoid Park","Van Sant, Gus","2007","France","85"
"503","487","Time That Remains, The","Suleiman, Elia","2009","UK","109"
"504","499","Lumumba","Peck, Raoul","2000","France","115"
"505","474","Billy Elliot","Daldry, Stephen","2000","UK","110"
"506","473","Ghost Writer, The","Polanski, Roman","2010","France","128"
"507","485","Munich","Spielberg, Steven","2005","USA","160"
"508","483","Flight of the Red Balloon","Hou Hsiao-hsien","2007","France","115"
"509","482","Morte rouge, La","Erice, Víctor","2006","Spain","32"
"510","484","Wind Rises, The","Miyazaki, Hayao","2013","Japan","126"
"511","472","Anomalisa","Johnson, Duke & Charlie Kaufman","2015","USA","90"
"512","541","Licorice Pizza","Anderson, Paul Thomas","2021","USA","133"
"513","491","Upstream Color","Carruth, Shane","2013","USA","96"
"514","490","Silence","Scorsese, Martin","2016","USA","161"
"515","507","Napoleon Dynamite","Hess, Jared","2004","USA","82"
"516","511","Primer","Carruth, Shane","2004","USA","78"
"517","502","Devils on the Doorstep","Jiang Wen","2000","China","139"
"518","500","Revenant, The","González Iñárritu, Alejandro","2015","USA","156"
"519","497","Fountain, The","Aronofsky, Darren","2006","USA","97"
"520","495","Grandmaster, The","Wong Kar-wai","2013","Hong Kong","130"
"521","505","Rocks","Gavron, Sarah","2019","UK","93"
"522","534","Team America: World Police","Parker, Trey","2004","USA","108"
"523","503","Skin I Live In, The","Almodóvar, Pedro","2011","Spain","120"
"524","510","40-Year-Old Virgin, The","Apatow, Judd","2005","USA","116"
"525","512","Beyond the Hills","Mungiu, Cristian","2012","Romania","152"
"526","554","On the Beach at Night Alone","Hong Sang-soo","2017","South Korea","101"
"527","504","Eden","Hansen-Løve, Mia","2014","France","131"
"528","508","Queen, The","Frears, Stephen","2006","UK","103"
"529","514","Descent, The","Marshall, Neil","2005","UK","99"
"530","599","Pride & Prejudice","Wright, Joe","2005","UK","127"
"531","509","Biutiful","González Iñárritu, Alejandro","2010","Mexico","148"
"532","531","Tarnation","Caouette, Jonathan","2003","USA","88"
"533","519","Poor Things","Lanthimos, Yorgos","2023","Ireland","141"
"534","525","Innocence","Hadzihalilovic, Lucile","2004","France","115"
"535","628","Hot Fuzz","Wright, Edgar","2007","UK","121"
"536","601","Lagaan: Once Upon a Time in India","Gowariker, Ashutosh","2001","India","224"
"537","522","Twentynine Palms","Dumont, Bruno","2003","France","119"
"538","523","Shame","McQueen, Steve","2011","UK","101"
"539","526","At Sea","Hutton, Peter B.","2007","USA","60"
"540","513","Dune: Part One","Villeneuve, Denis","2021","USA","155"
"541","517","Oki's Movie","Hong Sang-soo","2010","South Korea","80"
"542","528","Bend it Like Beckham","Chadha, Gurinder","2002","UK","112"
"543","535","Atonement","Wright, Joe","2007","UK","123"
"544","516","Good Bye, Lenin!","Becker, Wolfgang","2003","Germany","121"
"545","536","Norte, the End of History","Diaz, Lav","2013","Philippines","250"
"546","521","Downfall","Hirschbiegel, Oliver","2004","Germany","156"
"547","518","Dreamed Path, The","Schanelec, Angela","2016","Germany","86"
"548","520","Eastern Promises","Cronenberg, David","2007","UK","101"
"549","715","Grand Tour","Gomes, Miguel","2024","Portugal","129"
"550","524","Muertos, Los","Alonso, Lisandro","2004","Argentina","78"
"551","622","Mommy","Dolan, Xavier","2014","Canada","139"
"552","527","Human Surge, The","Williams, Eduardo","2016","Argentina","100"
"553","615","Once","Carney, John","2007","Ireland","87"
"554","551","Best in Show","Guest, Christopher","2000","USA","89"
"555","563","Rust and Bone","Audiard, Jacques","2012","France","120"
"556","552","Selma","DuVernay, Ava","2014","UK","128"
"557","529","Santiago","Moreira Salles, João","2007","Brazil","80"
"558","567","Scott Pilgrim vs. the World","Wright, Edgar","2010","USA","112"
"559","574","Nickel Boys","Ross, RaMell","2024","USA","140"
"560","539","Aviator, The","Scorsese, Martin","2004","USA","170"
"561","561","Spotlight","McCarthy, Tom","2015","USA","128"
"562","530","Bus 174","Larceda, Felipe & José Padilha","2002","Brazil","122"
"563","532","Hell or High Water","Mackenzie, David","2016","USA","102"
"564","537","Witch, The","Eggers, Robert","2015","USA","92"
"565","538","About Elly","Farhadi, Asghar","2009","Iran","119"
"566","550","Square, The","Östlund, Ruben","2017","Sweden","142"
"567","545","BlacKkKlansman","Lee, Spike","2018","USA","135"
"568","653","Lullaby to the Sorrowful Mystery, A","Diaz, Lav","2016","Philippines","485"
"569","533","Loveless","Zvyagintsev, Andrey","2017","Russia","127"
"570","560","Bacurau","Dornelles, Juliano & Kleber Mendonça Filho","2019","Brazil","131"
"571","542","Attenberg","Tsangari, Athina Rachel","2010","Greece","97"
"572","573","Oppenheimer","Nolan, Christopher","2023","USA","180"
"573","393","Dahomey","Diop, Mati","2024","France","68"
"574","565","In Bruges","McDonagh, Martin","2008","UK","107"
"575","553","Bamboozled","Lee, Spike","2000","USA","135"
"576","543","Hedwig and the Angry Inch","Mitchell, John Cameron","2001","USA","91"
"577","544","Turtles Can Fly","Ghobadi, Bahman","2004","Iran","97"
"578","566","Promising Young Woman","Fennell, Emerald","2020","USA","113"
"579","589","Hard Truths","Leigh, Mike","2024","UK","97"
"580","546","Demonlover","Assayas, Olivier","2002","France","129"
"581","575","Florida Project, The","Baker, Sean","2017","USA","111"
"582","547","Throw Down","To, Johnnie","2004","Hong Kong","95"
"583","548","Modern Life","Depardon, Raymond","2008","France","87"
"584","621","Import Export","Seidl, Ulrich","2007","Austria","141"
"585","","Sentimental Value","Trier, Joachim","2025","Norway","133"
"586","576","Marriage Story","Baumbach, Noah","2019","USA","136"
"587","672","Kaili Blues","Bi Gan","2015","China","113"
"588","584","Mouth of the Wolf, The","Marcello, Pietro","2009","Italy","68"
"589","559","Wallace & Gromit: The Curse of the Were-Rabbit","Park, Nick & Steve Box","2005","UK","85"
"590","555","Anvil!: The Story of Anvil","Gervasi, Sacha","2008","USA","80"
"591","592","Offside","Panahi, Jafar","2006","Iran","91"
"592","643","Of Gods and Men","Beauvois, Xavier","2010","France","122"
"593","663","Spellbound","Blitz, Jeffrey","2002","USA","96"
"594","613","Train to Busan","Yeon Sang-ho","2016","South Korea","118"
"595","","If I Had Legs I'd Kick You","Bronstein, Mary","2025","USA","113"
"596","558","Heremias","Diaz, Lav","2006","Philippines","540"
"597","557","Paradise: Love","Seidl, Ulrich","2012","Austria","120"
"598","568","Zoolander","Stiller, Ben","2001","USA","89"
"599","564","Our Daily Bread","Geyrhalter, Nikolaus","2005","Austria","92"
"600","570","Edge of Tomorrow","Liman, Doug","2014","USA","113"
"601","562","Hat Wolff von Amerongen Konkursdelikte begangen?","Friedl, Gerhard Benedikt","2004","Germany","73"
"602","446","No Other Land","Abraham, Yuval/Basel Adra/Hamdan Ballal/Rachel Szor","2024","Palestine","92"
"603","572","Spider","Cronenberg, David","2002","Canada","98"
"604","585","Immigrant, The","Gray, James","2013","USA","120"
"605","590","Shrek","Adamson, Andrew & Vicky Jenson","2001","USA","90"
"606","591","Man on Fire","Scott, Tony","2004","USA","145"
"607","633","True Grit","Coen, Joel & Ethan Coen","2010","USA","110"
"608","605","Girl Walks Home Alone at Night, A","Amirpour, Ana Lily","2014","USA","101"
"609","506","RR","Benning, James","2007","USA","111"
"610","569","Daratt","Haroun, Mahamat-Saleh","2006","Chad","96"
"611","582","Two Days, One Night","Dardenne, Jean-Pierre & Luc Dardenne","2014","Belgium","95"
"612","725","Juno","Reitman, Jason","2007","USA","96"
"613","571","Tinker Tailor Soldier Spy","Alfredson, Tomas","2011","France","127"
"614","581","Souvenir: Part II, The","Hogg, Joanna","2021","UK","107"
"615","625","Decision to Leave","Park Chan-wook","2022","South Korea","139"
"616","577","Three Burials of Melquiades Estrada, The","Jones, Tommy Lee","2005","France","121"
"617","598","Let the Sunshine In","Denis, Claire","2017","France","94"
"618","","Blue Moon","Linklater, Richard","2025","USA","100"
"619","674","Fabelmans, The","Spielberg, Steven","2022","USA","151"
"620","631","RRR","Rajamouli, S.S.","2022","India","187"
"621","588","Leave No Trace","Granik, Debra","2018","USA","109"
"622","600","Blackboards","Makhmalbaf, Samira","2000","Iran","85"
"623","699","Embrace of the Serpent","Guerra, Ciro","2015","Colombia","125"
"624","580","Shortbus","Mitchell, John Cameron","2006","USA","101"
"625","583","Mary and Max","Elliot, Adam","2008","Australia","80"
"626","683","Brooklyn","Crowley, John","2015","Ireland","111"
"627","586","Last Black Man in San Francisco, The","Talbot, Joe","2019","USA","121"
"628","587","Wadjda","Al-Mansour, Haifaa","2012","Saudi Arabia","98"
"629","627","Lighthouse, The","Eggers, Robert","2019","Canada","109"
"630","721","Departures","Takita, Yojiro","2008","Japan","130"
"631","675","Wheel of Fortune and Fantasy","Hamaguchi, Ryusuke","2021","Japan","121"
"632","595","Killing of a Sacred Deer, The","Lanthimos, Yorgos","2017","UK","121"
"633","594","Pina","Wenders, Wim","2011","Germany","103"
"634","611","War of the Worlds","Spielberg, Steven","2005","USA","116"
"635","593","12:08 East of Bucharest","Porumboiu, Corneliu","2006","Romania","89"
"636","616","Past Lives","Song, Celine","2023","USA","105"
"637","713","Bourne Ultimatum, The","Greengrass, Paul","2007","USA","115"
"638","734","Pacifiction","Serra, Albert","2022","France","165"
"639","597","Time for Drunken Horses, A","Ghobadi, Bahman","2000","Iran","80"
"640","596","Sin City","Rodriguez, Robert & Frank Miller","2005","USA","124"
"641","602","I Am Love","Guadagnino, Luca","2009","Italy","120"
"642","619","Lady Chatterley","Ferran, Pascale","2006","France","168"
"643","991","Triangle of Sadness","Östlund, Ruben","2022","UK","147"
"644","618","Summer Palace","Lou Ye","2006","China","140"
"645","632","Night of Knowing Nothing, A","Kapadia, Payal","2021","France","99"
"646","974","(500) Days of Summer","Webb, Marc","2009","USA","95"
"647","604","Before I Forget","Nolot, Jacques","2007","France","108"
"648","","Weapons","Cregger, Zach","2025","USA","128"
"649","635","Intimacy","Chéreau, Patrice","2001","France","120"
"650","667","Little Women","Gerwig, Greta","2019","USA","135"
"651","603","Vera Drake","Leigh, Mike","2004","UK","125"
"652","608","Like Someone in Love","Kiarostami, Abbas","2012","France","109"
"653","753","Silver Linings Playbook","Russell, David O.","2012","USA","122"
"654","606","Visite au Louvre, Une","Straub, Jean-Marie & Danièle Huillet","2004","France","44"
"655","649","Day After, The","Hong Sang-soo","2017","South Korea","92"
"656","630","Citizenfour","Poitras, Laura","2014","USA","114"
"657","607","Shirin","Kiarostami, Abbas","2008","Iran","92"
"658","609","Friday Night","Denis, Claire","2002","France","89"
"659","639","Black Hawk Down","Scott, Ridley","2001","USA","144"
"660","617","Collateral","Mann, Michael","2004","USA","120"
"661","610","Quo vadis, Aida?","Zbanic, Jasmila","2020","Bosnia and Herzegovina","101"
"662","620","Nine Queens","Bielinsky, Fabián","2000","Argentina","113"
"663","626","This is Not a Burial, it's a Resurrection","Mosese, Lemohang Jeremiah","2019","Lesotho","120"
"664","634","Solaris","Soderbergh, Steven","2002","USA","99"
"665","614","Magic Mike XXL","Jacobs, Gregory","2015","USA","115"
"666","640","Martin Eden","Marcello, Pietro","2019","Italy","129"
"667","641","Life of Pi","Lee, Ang","2012","USA","127"
"668","650","Elf","Favreau, Jon","2003","USA","97"
"669","623","Good Night, and Good Luck","Clooney, George","2005","USA","93"
"670","661","Chunhyang","Im Kwon-taek","2000","South Korea","120"
"671","652","Apocalypto","Gibson, Mel","2006","USA","138"
"672","755","Mustang","Ergüven, Deniz Gamze","2015","France","97"
"673","","Sorry, Baby","Victor, Eva","2025","USA","103"
"674","629","Prairie Home Companion, A","Altman, Robert","2006","USA","105"
"675","","Bridget Jones's Diary","Maguire, Sharon","2001","USA","97"
"676","735","Minari","Chung, Lee Isaac","2020","USA","115"
"677","669","Booksmart","Wilde, Olivia","2019","USA","102"
"678","754","Things to Come","Hansen-Løve, Mia","2016","France","102"
"679","646","Somewhere","Coppola, Sofia","2010","USA","98"
"680","696","Trenque Lauquen","Citarella, Laura","2022","Argentina","262"
"681","642","Take Shelter","Nichols, Jeff","2011","USA","120"
"682","637","Wind That Shakes the Barley, The","Loach, Ken","2006","UK","127"
"683","648","Deep Blue Sea, The","Davies, Terence","2011","UK","98"
"684","644","Other Side of Hope, The","Kaurismäki, Aki","2017","Finland","100"
"685","706","I'm Thinking of Ending Things","Kaufman, Charlie","2020","USA","134"
"686","645","Triple Agent","Rohmer, Eric","2004","France","115"
"687","656","Madeline's Madeline","Decker, Josephine","2018","USA","93"
"688","647","Wuthering Heights","Arnold, Andrea","2011","UK","129"
"689","657","Gomorrah","Garrone, Matteo","2008","Italy","137"
"690","676","Milk","Van Sant, Gus","2008","USA","128"
"691","651","Sweet Sixteen","Loach, Ken","2002","UK","106"
"692","714","EO","Skolimowski, Jerzy","2022","Poland","88"
"693","664","Secret in Their Eyes, The","Campanella, Juan José","2009","Spain","129"
"694","671","Tribe, The","Slaboshpytskyi, Myroslav","2014","Ukraine","126"
"695","668","Tale of Cinema","Hong Sang-soo","2005","South Korea","89"
"696","654","Father and Daughter","Dudok de Wit, Michaël","2000","Netherlands","8"
"697","","Nouvelle Vague","Linklater, Richard","2025","France","106"
"698","655","Secret of the Grain, The","Kechiche, Abdellatif","2007","France","151"
"699","697","Others, The","Amenábar, Alejandro","2001","Spain","100"
"700","665","Duchess of Langeais, The","Rivette, Jacques","2007","France","137"
"701","701","Lincoln","Spielberg, Steven","2012","USA","150"
"702","659","Post Tenebras Lux","Reygadas, Carlos","2012","Mexico","115"
"703","662","Trash Humpers","Korine, Harmony","2009","USA","78"
"704","636","Barbie","Gerwig, Greta","2023","USA","114"
"705","658","Paddington","King, Paul","2014","UK","95"
"706","666","Darwin's Nightmare","Sauper, Hubert","2004","Austria","111"
"707","680","Monster","Jenkins, Patty","2003","USA","109"
"708","692","Ginger Snaps","Fawcett, John","2000","Canada","108"
"709","670","Looper","Johnson, Rian","2012","USA","119"
"710","709","Saint Maud","Glass, Rose","2019","UK","84"
"711","712","Missing Picture, The","Panh, Rithy","2013","Cambodia","92"
"712","673","Sleep Has Her House","Barley, Scott","2017","UK","90"
"713","687","Museum Hours","Cohen, Jem","2012","Austria","107"
"714","677","Origins of the 21st Century","Godard, Jean-Luc","2000","France","13"
"715","","Sound of Falling","Schilinski, Mascha","2025","Germany","155"
"716","787","Brutalist, The","Corbet, Brady","2024","USA","215"
"717","678","All About Lily Chou-Chou","Iwai, Shunji","2001","Japan","146"
"718","744","Water Lilies","Sciamma, Céline","2007","France","85"
"719","679","Paradise Now","Abu-Assad, Hany","2005","Netherlands","91"
"720","732","Sweeney Todd: The Demon Barber of Fleet Street","Burton, Tim","2007","USA","116"
"721","","Eddington","Aster, Ari","2025","USA","148"
"722","549","Substance, The","Fargeat, Coralie","2024","UK","141"
"723","723","Compartment No. 6","Kuosmanen, Juho","2021","Finland","107"
"724","","Cloud","Kurosawa, Kiyoshi","2024","Japan","124"
"725","682","Screaming Man, A","Haroun, Mahamat-Saleh","2010","France","92"
"726","691","Snowpiercer","Bong Joon-ho","2013","South Korea","126"
"727","638","Barbara","Petzold, Christian","2012","Germany","105"
"728","722","Woman King, The","Prince-Bythewood, Gina","2022","USA","135"
"729","902","Mia madre","Moretti, Nanni","2015","Italy","106"
"730","877","Sicario","Villeneuve, Denis","2015","USA","121"
"731","717","Aurora","Puiu, Cristi","2010","Romania","181"
"732","","Henry Fonda for President","Horwath, Alexander","2024","Austria","184"
"733","690","Elena","Zvyagintsev, Andrey","2011","Russia","109"
"734","681","13th","DuVernay, Ava","2016","USA","100"
"735","729","Moon","Jones, Duncan","2009","UK","97"
"736","685","After Lucia","Franco, Michel","2012","Mexico","103"
"737","695","King's Speech, The","Hooper, Tom","2010","UK","118"
"738","720","Lady Vengeance","Park Chan-wook","2005","South Korea","115"
"739","702","Archipelago","Hogg, Joanna","2010","UK","115"
"740","688","Cave of Forgotten Dreams","Herzog, Werner","2010","Canada","90"
"741","689","Fahrenheit 9/11","Moore, Michael","2004","USA","122"
"742","694","¡Vivan las Antipodas!","Kossakovsky, Victor","2011","Germany","108"
"743","693","Farewell, The","Wang, Lulu","2019","USA","100"
"744","698","Double Tide","Lockhart, Sharon","2009","USA","99"
"745","700","For Sama","Al-Kateab, Waad & Edward Watts","2019","UK","100"
"746","710","Motorcycle Diaries, The","Salles, Walter","2004","UK","125"
"747","705","Fragile as the World","Azevedo Gomes, Rita","2001","Portugal","90"
"748","704","Cosmopolis","Cronenberg, David","2012","Canada","109"
"749","","Dry Leaf","Koberidze, Aleksandre","2025","Germany","186"
"750","707","Monsters, Inc.","Docter, Pete","2001","USA","95"
"751","747","Collective","Nanau, Alexander","2019","Romania","109"
"752","686","Diary of a Teenage Girl, The","Heller, Marielle","2015","USA","102"
"753","743","Hunt for the Wilderpeople","Waititi, Taika","2016","New Zealand","101"
"754","730","Hidden Life, A","Malick, Terrence","2019","USA","174"
"755","718","Crip Camp","Lebrecht, James & Nicole Newnham","2020","USA","106"
"756","748","Precious","Daniels, Lee","2009","USA","110"
"757","716","Visitor Q","Miike, Takashi","2001","Japan","84"
"758","953","Maqbool","Bhardwaj, Vishal","2003","India","132"
"759","733","Transit","Petzold, Christian","2018","Germany","101"
"760","708","Everyone Else","Ade, Maren","2009","Germany","119"
"761","612","Beast, The","Bonello, Bertrand","2023","France","146"
"762","786","Wolfwalkers","Moore, Tomm & Ross Stewart","2020","Ireland","103"
"763","767","Appropriate Behavior","Akhavan, Desiree","2014","UK","86"
"764","728","I, Daniel Blake","Loach, Ken","2016","UK","100"
"765","719","Bastards","Denis, Claire","2013","France","83"
"766","","By the Stream","Hong Sang-soo","2024","South Korea","111"
"767","752","Passion of the Christ, The","Gibson, Mel","2004","USA","126"
"768","807","To the Left of the Father","Carvalho, Luiz Fernando","2001","Brazil","163"
"769","824","John Wick","Stahelski, Chad","2014","USA","101"
"770","739","Amy","Kapadia, Asif","2015","UK","128"
"771","756","Orphanage, The","Bayona, Juan Antonio","2007","Spain","100"
"772","865","Oslo, August 31st","Trier, Joachim","2011","Norway","95"
"773","578","I Saw the TV Glow","Schoenbrun, Jane","2024","USA","100"
"774","724","Vincere","Bellocchio, Marco","2009","Italy","128"
"775","738","Ash is Purest White","Jia Zhangke","2018","China","136"
"776","731","Coraline","Selick, Henry","2009","USA","101"
"777","801","Pont des Arts, Le","Green, Eugène","2004","France","126"
"778","726","Black Book","Verhoeven, Paul","2006","Netherlands","145"
"779","727","King Kong","Jackson, Peter","2005","USA","187"
"780","740","Star Wars: Episode III - Revenge of the Sith","Lucas, George","2005","USA","140"
"781","818","Anatomy of Hell","Breillat, Catherine","2004","France","77"
"782","799","Heaven Knows What","Safdie, Josh & Benny Safdie","2014","USA","97"
"783","832","Delinquents, The","Moreno, Rodrigo","2023","Argentina","189"
"784","736","Opera Jawa","Nugroho, Garin","2006","Indonesia","120"
"785","737","Martha Marcy May Marlene","Durkin, Sean","2011","USA","102"
"786","741","What Goes Up","Breer, Robert","2003","USA","5"
"787","742","Chopper","Dominik, Andrew","2000","Australia","94"
"788","","Death of Stalin, The","Iannucci, Armando","2017","UK","107"
"789","792","Jauja","Alonso, Lisandro","2014","Argentina","109"
"790","941","Annette","Carax, Leos","2021","France","141"
"791","795","Man Who Wasn't There, The","Coen, Joel & Ethan Coen","2001","USA","116"
"792","660","Last Summer","Breillat, Catherine","2023","France","104"
"793","989","Raid 2, The","Evans, Gareth","2014","Indonesia","150"
"794","911","City Hall","Wiseman, Frederick","2020","USA","272"
"795","770","Hateful Eight, The","Tarantino, Quentin","2015","USA","187"
"796","745","Rabbit-Proof Fence","Noyce, Phillip","2002","Australia","93"
"797","746","Talking Picture, A","Oliveira, Manoel de","2003","Portugal","96"
"798","833","Joker","Phillips, Todd","2019","USA","122"
"799","758","Of Time and the City","Davies, Terence","2008","UK","72"
"800","783","Knocked Up","Apatow, Judd","2007","USA","129"
"801","759","Nebraska","Payne, Alexander","2013","USA","115"
"802","749","Trilogy: The Weeping Meadow","Angelopoulos, Theo","2004","Greece","170"
"803","768","Beanpole","Balagov, Kantemir","2019","Russia","130"
"804","751","On Body and Soul","Enyedi, Ildikó","2017","Hungary","116"
"805","760","Snatch","Ritchie, Guy","2000","USA","102"
"806","784","Annihilation","Garland, Alex","2018","USA","115"
"807","762","Capote","Miller, Bennett","2005","USA","98"
"808","763","In the Loop","Iannucci, Armando","2009","UK","106"
"809","777","Wet Hot American Summer","Wain, David","2001","USA","97"
"810","816","In This World","Winterbottom, Michael","2002","UK","88"
"811","757","Profit Motive and the Whispering Wind","Gianvito, John","2007","USA","58"
"812","869","Benediction","Davies, Terence","2021","UK","137"
"813","811","Assistant, The","Green, Kitty","2019","USA","87"
"814","","Signs","Shyamalan, M. Night","2002","USA","106"
"815","761","Wire, The [TV]","Various Directors","2002-08","USA","3600"
"816","774","At Berkeley","Wiseman, Frederick","2013","USA","244"
"817","769","Woman Who Left, The","Diaz, Lav","2016","Philippines","226"
"818","888","Cabin in the Woods, The","Goddard, Drew","2011","USA","95"
"819","789","Sympathy for Mr. Vengeance","Park Chan-wook","2002","South Korea","129"
"820","794","Body Remembers When the World Broke Open, The","Hepburn, Kathleen & Elle-Máijá Tailfeathers","2019","Canada","105"
"821","800","Hit the Road","Panahi, Panah","2021","Iran","93"
"822","793","Century of the Self, The [TV]","Curtis, Adam","2002","UK","240"
"823","779","All the Beauty and the Bloodshed","Poitras, Laura","2022","USA","122"
"824","","Eephus","Lund, Carson","2024","USA","99"
"825","750","Room","Abrahamson, Lenny","2015","Ireland","118"
"826","772","Frozen River","Hunt, Courtney","2008","USA","97"
"827","773","Chaser, The","Na Hong-jin","2008","South Korea","125"
"828","812","I Saw the Devil","Kim Jee-woon","2010","South Korea","144"
"829","775","Paraguayan Hammock","Encina, Paz","2006","Argentina","78"
"830","834","Foxcatcher","Miller, Bennett","2014","USA","134"
"831","776","Edge of Heaven, T4he","Akin, Fatih","2007","Germany","121"
"832","780","High Fidelity","Frears, Stephen","2000","USA","113"
"833","781","Creed","Coogler, Ryan","2015","USA","133"
"834","806","Love Witch, The","Biller, Anna","2016","USA","120"
"835","821","Yourself and Yours","Hong Sang-soo","2016","South Korea","86"
"836","782","Operai, contadini","Straub, Jean-Marie & Danièle Huillet","2001","France","123"
"837","778","Road to Nowhere","Hellman, Monte","2010","USA","121"
"838","976","Woman Who Ran, The","Hong Sang-soo","2020","South Korea","76"
"839","823","Frownland","Bronstein, Ronald","2007","USA","106"
"840","788","Woman on the Beach","Hong Sang-soo","2006","South Korea","100"
"841","791","Black Sun","Tarn, Gary","2005","UK","75"
"842","798","Quiet Passion, A","Davies, Terence","2016","UK","125"
"843","868","Holdovers, The","Payne, Alexander","2023","USA","133"
"844","797","Berberian Sound Studio","Strickland, Peter","2012","UK","92"
"845","815","Burn After Reading","Coen, Joel & Ethan Coen","2008","USA","96"
"846","805","Devdas","Bhansali, Sanjay Leela","2002","India","181"
"847","790","I'm Going Home","Oliveira, Manoel de","2001","France","90"
"848","","Artemis' Knee","Straub, Jean-Marie","2008","Italy","26"
"849","796","Crash","Haggis, Paul","2004","USA","112"
"850","","Peter Hujar’s Day","Sachs, Ira","2025","USA","76"
"851","","Resurrection","Bi Gan","2025","China","160"
"852","817","Chicken Run","Lord, Peter & Nick Park","2000","UK","84"
"853","842","Da 5 Bloods","Lee, Spike","2020","USA","154"
"854","802","Quei loro incontri","Straub, Jean-Marie & Danièle Huillet","2006","Italy","68"
"855","899","Novelist's Film, The","Hong Sang-soo","2022","South Korea","92"
"856","803","Darjeeling Limited, The","Anderson, Wes","2007","USA","91"
"857","820","DiG!","Timoner, Ondi","2004","USA","115"
"858","846","Catch Me if You Can","Spielberg, Steven","2002","USA","141"
"859","804","United Red Army","Wakamatsu, Koji","2007","Japan","190"
"860","836","Metallica: Some Kind of Monster","Berlinger, Joe & Bruce Sinofsky","2004","USA","141"
"861","828","Mangrove","McQueen, Steve","2020","UK","127"
"862","813","Vicky Cristina Barcelona","Allen, Woody","2008","USA","96"
"863","841","By the Time it Gets Dark","Suwichakornpong, Anocha","2016","Thailand","105"
"864","","My Undesirable Friends: Part I - Last Air in Moscow","Loktev, Julia","2024","USA","324"
"865","829","America","Bradley, Garrett","2019","USA","27"
"866","809","Curious Case of Benjamin Button, The","Fincher, David","2008","USA","166"
"867","810","I Lost My Body","Clapin, Jérémy","2019","France","81"
"868","855","Beautiful Mind, A","Howard, Ron","2001","USA","134"
"869","882","Senna","Kapadia, Asif","2010","UK","106"
"870","826","Ex Libris: The New York Public Library","Wiseman, Frederick","2017","USA","197"
"871","","No Other Choice","Park Chan-wook","2025","South Korea","139"
"872","814","Inconvenient Truth, An","Guggenheim, Davis","2006","USA","97"
"873","870","Loneliest Planet, The","Loktev, Julia","2011","USA","113"
"874","838","Instructions for a Light and Sound Machine","Tscherkassky, Peter","2005","Austria","17"
"875","853","Harry Potter and the Prisoner of Azkaban","Cuarón, Alfonso","2004","UK","142"
"876","822","Portuguese Nun, The","Green, Eugène","2009","Portugal","127"
"877","843","Mist, The","Darabont, Frank","2007","USA","126"
"878","825","Frozen","Buck, Chris & Jennifer Lee","2013","USA","102"
"879","","Notebook, The","Cassavetes, Nick","2004","USA","123"
"880","835","Maps to the Stars","Cronenberg, David","2014","Canada","111"
"881","848","Saddest Music in the World, The","Maddin, Guy","2003","Canada","100"
"882","","Interrupters, The","James, Steve","2011","USA","125"
"883","881","Lost City of Z, The","Gray, James","2016","USA","141"
"884","830","Thousand Suns, A","Diop, Mati","2013","France","45"
"885","844","In Jackson Heights","Wiseman, Frederick","2015","USA","190"
"886","873","Raid: Redemption, The","Evans, Gareth","2011","Indonesia","101"
"887","684","Challengers","Guadagnino, Luca","2024","Italy","131"
"888","839","Road to Perdition","Mendes, Sam","2002","USA","117"
"889","831","3 Rooms of Melancholia, The","Honkasalo, Pirjo","2004","Finland","106"
"890","956","Good Time","Safdie, Josh & Benny Safdie","2017","USA","102"
"891","859","Spider-Man 2","Raimi, Sam","2004","USA","127"
"892","837","Oxhide","Liu Jiayin","2005","China","110"
"893","847","Flags of Our Fathers","Eastwood, Clint","2006","USA","132"
"894","850","Heart of the World, The","Maddin, Guy","2000","Canada","6"
"895","849","24 City","Jia Zhangke","2008","China","112"
"896","845","Vie nouvelle, La","Grandrieux, Philippe","2002","France","102"
"897","858","Inheritance, The","Asili, Ephraim","2020","USA","100"
"898","889","Brick","Johnson, Rian","2005","USA","110"
"899","878","Zidane: A 21st Century Portrait","Gordon, Douglas & Philippe Parreno","2006","France","90"
"900","909","Blade Runner 2049","Villeneuve, Denis","2017","USA","164"
"901","852","City of Life and Death","Lu Chuan","2009","China","133"
"902","862","Perfect Days","Wenders, Wim","2023","Japan","124"
"903","880","Animal Kingdom","Michôd, David","2010","Australia","113"
"904","","Moneyball","Miller, Bennett","2011","USA","133"
"905","854","Japón","Reygadas, Carlos","2002","Mexico","122"
"906","876","No","Larraín, Pablo","2012","Chile","118"
"907","851","Belfast","Branagh, Kenneth","2021","UK","98"
"908","864","Drug War","To, Johnnie","2012","China","107"
"909","861","Stevie","James, Steve","2002","USA","140"
"910","785","Afire","Petzold, Christian","2023","Germany","102"
"911","863","Sea Inside, The","Amenábar, Alejandro","2004","Spain","125"
"912","860","Three Monkeys","Ceylan, Nuri Bilge","2008","Turkey","109"
"913","898","Sobibór, October 14, 1943, 4 p.m.","Lanzmann, Claude","2001","France","95"
"914","929","Bergman Island","Hansen-Løve, Mia","2021","France","112"
"915","935","Dick Johnson is Dead","Johnson, Kirsten","2020","USA","89"
"916","","Single Man, A","Ford, Tom","2009","USA","101"
"917","965","Mr. Turner","Leigh, Mike","2014","UK","150"
"918","940","What We Do in the Shadows","Clement, Jemaine & Taika Waititi","2014","New Zealand","86"
"919","","Midnight in Paris","Allen, Woody","2011","Spain","94"
"920","907","House of Tolerance","Bonello, Bertrand","2011","France","122"
"921","866","Monos","Landes, Alejandro","2019","Colombia","102"
"922","897","Tale of Two Sisters, A","Kim Jee-woon","2003","South Korea","114"
"923","895","Secretary","Shainberg, Steven","2002","USA","104"
"924","879","What Do We See When We Look at the Sky?","Koberidze, Aleksandre","2021","Georgia","150"
"925","872","Before Night Falls","Schnabel, Julian","2000","USA","133"
"926","871","Tristram Shandy: A Cock and Bull Story","Winterbottom, Michael","2005","UK","94"
"927","927","Manakamana","Spray, Stephanie & Pacho Velez","2013","Nepal","118"
"928","856","Juror #2","Eastwood, Clint","2024","USA","114"
"929","874","Material","Heise, Thomas","2009","Germany","166"
"930","924","[Rec]","Balagueró, Jaume & Paco Plaza","2007","Spain","78"
"931","901","When the Levees Broke: A Requiem in Four Acts [TV]","Lee, Spike","2006","USA","255"
"932","","Pig","Sarnoski, Michael","2021","USA","92"
"933","925","Fire Will Come","Laxe, Oliver","2019","Spain","90"
"934","875","Descendants, The","Payne, Alexander","2011","USA","115"
"935","894","God's Own Country","Lee, Francis","2017","UK","104"
"936","928","Enemy","Villeneuve, Denis","2013","Canada","91"
"937","890","Green Room","Saulnier, Jeremy","2015","USA","95"
"938","887","I Am Not a Witch","Nyoni, Rungano","2017","UK","93"
"939","906","Kiss Kiss, Bang Bang","Black, Shane","2005","USA","103"
"940","903","Wonder Woman","Jenkins, Patty","2017","USA","141"
"941","884","Touching the Void","Macdonald, Kevin","2003","UK","106"
"942","886","Whisky","Rebella, Juan Pablo & Pablo Stoll","2004","Uruguay","98"
"943","885","Half Nelson","Fleck, Ryan","2006","USA","107"
"944","883","Faya Dayi","Beshir, Jessica","2021","Ethiopia","120"
"945","","April","Kulumbegashvili, Dea","2024","Georgia","134"
"946","892","My Mother's Smile","Bellocchio, Marco","2002","Italy","105"
"947","896","Dreamers, The","Bertolucci, Bernardo","2003","UK","115"
"948","","Aquarius","Mendonça Filho, Kleber","2016","Brazil","146"
"949","905","Unrelated","Hogg, Joanna","2007","UK","100"
"950","916","Elvis","Luhrmann, Baz","2022","USA","159"
"951","900","Strong Island","Ford, Yance","2017","USA","107"
"952","957","David Byrne's American Utopia","Lee, Spike","2020","USA","105"
"953","819","All of Us Strangers","Haigh, Andrew","2023","UK","105"
"954","961","In Front of Your Face","Hong Sang-soo","2021","South Korea","85"
"955","947","Isle, The","Kim Ki-duk","2000","South Korea","90"
"956","960","Shirkers","Tan, Sandi","2018","USA","97"
"957","913","3 Faces","Panahi, Jafar","2018","Iran","100"
"958","908","Rachel Getting Married","Demme, Jonathan","2008","USA","113"
"959","915","Where Does Your Hidden Smile Lie?","Costa, Pedro","2001","Portugal","104"
"960","914","Cloud Atlas","Tykwer, Tom/Lana Wachowski/Lilly Wachowski","2012","USA","172"
"961","","Girl at My Door, A","Jung, July","2014","South Korea","119"
"962","970","Another Round","Vinterberg, Thomas","2020","Denmark","117"
"963","918","Season of the Devil","Diaz, Lav","2018","Philippines","234"
"964","910","Evolution","Hadzihalilovic, Lucile","2015","France","81"
"965","931","Ring, The","Verbinski, Gore","2002","USA","115"
"966","920","Dreams of a Life","Morley, Carol","2011","UK","95"
"967","926","Ghost in the Shell 2: Innocence","Oshii, Mamoru","2004","Japan","99"
"968","","Top Gun: Maverick","Kosinski, Joseph","2022","USA","130"
"969","922","Encounters at the End of the World","Herzog, Werner","2007","USA","99"
"970","","Fantastic Woman, A","Lelio, Sebastián","2017","Chile","100"
"971","954","Shirley","Decker, Josephine","2020","USA","107"
"972","990","Divo, Il","Sorrentino, Paolo","2008","Italy","110"
"973","996","We Have a Pope","Moretti, Nanni","2011","Italy","102"
"974","","Knives Out","Johnson, Rian","2019","USA","130"
"975","923","You Ain't Seen Nothin' Yet","Resnais, Alain","2012","France","115"
"976","930","Barbarian Invasions, The","Arcand, Denys","2003","Canada","99"
"977","857","Megalopolis","Coppola, Francis Ford","2024","USA","138"
"978","938","Pontypool","McDonald, Bruce","2008","Canada","93"
"979","977","Seed of the Sacred Fig, The","Rasoulof, Mohammad","2024","France","167"
"980","939","Lego Movie, The","Lord, Phil & Christopher Miller","2014","USA","100"
"981","936","Closeness","Balagov, Kantemir","2017","Russia","118"
"982","917","20th Century Women","Mills, Mike","2016","USA","119"
"983","962","Control","Corbijn, Anton","2007","UK","122"
"984","","Cow","Arnold, Andrea","2021","UK","94"
"985","937","Nightcrawler","Gilroy, Dan","2014","USA","117"
"986","973","Into the Wild","Penn, Sean","2007","USA","148"
"987","921","Asteroid City","Anderson, Wes","2023","USA","105"
"988","943","Lantana","Lawrence, Ray","2001","Australia","121"
"989","946","Let the Bullets Fly","Jiang Wen","2010","China","132"
"990","933","Big Short, The","McKay, Adam","2015","USA","130"
"991","945","Nine Muses, The","Akomfrah, John","2010","Ghana","90"
"992","995","Bloody Nose, Empty Pockets","Ross IV, Bill & Turner Ross","2020","USA","98"
"993","","Eighth Grade","Burnham, Bo","2018","USA","93"
"994","948","Stuck on You","Farrelly, Bob & Peter Farrelly","2003","USA","118"
"995","934","Greenberg","Baumbach, Noah","2010","USA","107"
"996","949","Ten Canoes","de Heer, Rolf","2006","Australia","92"
"997","983","Mourning Forest, The","Kawase, Naomi","2007","Japan","97"
"998","951","Mind Game","Yuasa, Masaaki","2004","Japan","103"
"999","","Marty Supreme","Safdie, Josh","2025","USA","149"
"1000","987","Jackie","Larraín, Pablo","2016","Chile","100"